{
  "accuracy": [
    0.44186046719551086,
    0.5924695730209351,
    0.6279069781303406,
    0.6998892426490784,
    0.7176079750061035,
    0.7342192530632019,
    0.7419711947441101,
    0.7563676834106445,
    0.7774086594581604,
    0.7840531468391418,
    0.7906976938247681,
    0.802879273891449,
    0.79180508852005,
    0.8183831572532654,
    0.8272425532341003,
    0.8062015771865845,
    0.8305647969245911,
    0.8117386698722839,
    0.8205980062484741,
    0.8349944353103638,
    0.8549280166625977,
    0.8604651093482971,
    0.8626799583435059,
    0.8671096563339233,
    0.8704319000244141,
    0.881506085395813,
    0.8693244457244873,
    0.8682170510292053,
    0.8848283290863037,
    0.8859357833862305,
    0.8881506323814392,
    0.8737541437149048,
    0.880398690700531,
    0.8970099687576294,
    0.9058693051338196,
    0.9025470614433289,
    0.8936877250671387,
    0.8837209343910217,
    0.9080841541290283,
    0.9014396667480469,
    0.9080841541290283,
    0.9136212468147278,
    0.9269102811813354,
    0.9169435501098633,
    0.9180509448051453,
    0.9258028864860535,
    0.920265793800354,
    0.9224806427955627,
    0.9424141645431519,
    0.9335548281669617,
    0.9280177354812622,
    0.9313399791717529,
    0.9313399791717529,
    0.9346622228622437,
    0.9246954321861267,
    0.9446290135383606,
    0.9401993155479431,
    0.9501661062240601,
    0.9357696771621704,
    0.9401993155479431,
    0.9390919208526611,
    0.9490587115287781,
    0.9413067698478699,
    0.9401993155479431,
    0.9501661062240601,
    0.9435216188430786,
    0.9401993155479431,
    0.9435216188430786,
    0.9468438625335693,
    0.9534883499145508,
    0.9545958042144775,
    0.9490587115287781,
    0.9446290135383606,
    0.9568106532096863,
    0.9523809552192688,
    0.9712070822715759,
    0.9468438625335693,
    0.9579180479049683,
    0.9523809552192688,
    0.9457364082336426,
    0.9523809552192688,
    0.9479512572288513,
    0.9557031989097595,
    0.9512735605239868,
    0.9501661062240601,
    0.9490587115287781
  ],
  "loss": [
    1.4822267293930054,
    1.168975591659546,
    1.0816770792007446,
    0.9665853381156921,
    0.8979263305664062,
    0.8205440044403076,
    0.8007431030273438,
    0.7644414901733398,
    0.7293322086334229,
    0.6893283128738403,
    0.669374942779541,
    0.6527182459831238,
    0.6299837231636047,
    0.6182841658592224,
    0.5779733061790466,
    0.619879424571991,
    0.5764390826225281,
    0.6039119362831116,
    0.5680297017097473,
    0.5442168712615967,
    0.5114519000053406,
    0.48107966780662537,
    0.4701499342918396,
    0.4769953489303589,
    0.44574224948883057,
    0.4389270842075348,
    0.4449765086174011,
    0.4487453103065491,
    0.40860188007354736,
    0.40247535705566406,
    0.3832862377166748,
    0.42996686697006226,
    0.4179939329624176,
    0.3839699625968933,
    0.3552270233631134,
    0.35151436924934387,
    0.3885735273361206,
    0.400158554315567,
    0.3461790680885315,
    0.3635009229183197,
    0.3293100893497467,
    0.31606924533843994,
    0.2825024724006653,
    0.31192249059677124,
    0.2896101474761963,
    0.29292866587638855,
    0.31344202160835266,
    0.30005335807800293,
    0.25726425647735596,
    0.26890864968299866,
    0.29087841510772705,
    0.264853835105896,
    0.2872009873390198,
    0.28334760665893555,
    0.2689444422721863,
    0.23615700006484985,
    0.2450772374868393,
    0.22850558161735535,
    0.23859018087387085,
    0.24921976029872894,
    0.250873863697052,
    0.22666990756988525,
    0.23893417418003082,
    0.2356063276529312,
    0.22171197831630707,
    0.25050628185272217,
    0.22442591190338135,
    0.23925630748271942,
    0.2429577112197876,
    0.22552743554115295,
    0.21620239317417145,
    0.2254193127155304,
    0.22925065457820892,
    0.21385297179222107,
    0.2174805849790573,
    0.18746435642242432,
    0.21618707478046417,
    0.19961905479431152,
    0.21558192372322083,
    0.2218160480260849,
    0.22278478741645813,
    0.20762473344802856,
    0.1976199448108673,
    0.2181183248758316,
    0.2167203575372696,
    0.22636212408542633
  ],
  "learning_rate": [
    0.0010000000474974513,
    0.0010000000474974513,
    0.0010000000474974513,
    0.0010000000474974513,
    0.0010000000474974513,
    0.0010000000474974513,
    0.0010000000474974513,
    0.0010000000474974513,
    0.0010000000474974513,
    0.0010000000474974513,
    0.0010000000474974513,
    0.0010000000474974513,
    0.0010000000474974513,
    0.0010000000474974513,
    0.0010000000474974513,
    0.0010000000474974513,
    0.0010000000474974513,
    0.0010000000474974513,
    0.0010000000474974513,
    0.0010000000474974513,
    0.0010000000474974513,
    0.0010000000474974513,
    0.0010000000474974513,
    0.0010000000474974513,
    0.0010000000474974513,
    0.0010000000474974513,
    0.0010000000474974513,
    0.0010000000474974513,
    0.0010000000474974513,
    0.0010000000474974513,
    0.0010000000474974513,
    0.0010000000474974513,
    0.0010000000474974513,
    0.0010000000474974513,
    0.0010000000474974513,
    0.0010000000474974513,
    0.0010000000474974513,
    0.0010000000474974513,
    0.0010000000474974513,
    0.0010000000474974513,
    0.0010000000474974513,
    0.0010000000474974513,
    0.0010000000474974513,
    0.0010000000474974513,
    0.0010000000474974513,
    0.0010000000474974513,
    0.0010000000474974513,
    0.0010000000474974513,
    0.0005000000237487257,
    0.0005000000237487257,
    0.0005000000237487257,
    0.0005000000237487257,
    0.0005000000237487257,
    0.0005000000237487257,
    0.0002500000118743628,
    0.0002500000118743628,
    0.0002500000118743628,
    0.0002500000118743628,
    0.0002500000118743628,
    0.0002500000118743628,
    0.0002500000118743628,
    0.0002500000118743628,
    0.0002500000118743628,
    0.0002500000118743628,
    0.0002500000118743628,
    0.0002500000118743628,
    0.0002500000118743628,
    0.0002500000118743628,
    0.0002500000118743628,
    0.0002500000118743628,
    0.0001250000059371814,
    0.0001250000059371814,
    0.0001250000059371814,
    0.0001250000059371814,
    0.0001250000059371814,
    0.0001250000059371814,
    0.0001250000059371814,
    0.0001250000059371814,
    0.0001250000059371814,
    0.0001250000059371814,
    0.0001250000059371814,
    6.25000029685907e-05,
    6.25000029685907e-05,
    6.25000029685907e-05,
    6.25000029685907e-05,
    6.25000029685907e-05
  ]
}