{
  "accuracy": [
    0.7713754773139954,
    0.8191956877708435,
    0.8303480744361877,
    0.8406556248664856,
    0.8524839282035828,
    0.8555254936218262,
    0.8597499132156372,
    0.8632984161376953,
    0.8619465827941895,
    0.8600878715515137,
    0.8634673953056335,
    0.8661710023880005,
    0.865833044052124,
    0.868536651134491,
    0.8710712790489197,
    0.8692125678062439,
    0.8742818236351013,
    0.872761070728302,
    0.8717471957206726,
    0.875464677810669,
    0.872761070728302,
    0.8742818236351013,
    0.8788442015647888,
    0.875464677810669,
    0.8808718919754028,
    0.8766475319862366,
    0.8752956986427307,
    0.876985490322113,
    0.8791821599006653,
    0.8808718919754028,
    0.8786752223968506,
    0.876985490322113,
    0.8818857669830322,
    0.8810408711433411,
    0.8808718919754028,
    0.8844203948974609,
    0.8822237253189087,
    0.8793511390686035,
    0.8798580765724182,
    0.8832376003265381,
    0.8835755586624146,
    0.8839134573936462,
    0.881716787815094,
    0.8822237253189087,
    0.8828996419906616,
    0.8828996419906616,
    0.8825616836547852,
    0.8832376003265381,
    0.8822237253189087,
    0.8832376003265381,
    0.8844203948974609,
    0.8847583532333374,
    0.8840824365615845,
    0.8837445378303528,
    0.8837445378303528,
    0.8813788294792175,
    0.881716787815094,
    0.8874619603157043,
    0.8840824365615845,
    0.8874619603157043,
    0.8872929811477661,
    0.8872929811477661,
    0.8850963115692139,
    0.8834065794944763,
    0.8840824365615845,
    0.8874619603157043,
    0.8872929811477661,
    0.8852652907371521,
    0.8849273324012756,
    0.886617124080658,
    0.8862791657447815
  ],
  "loss": [
    0.8467840552330017,
    0.5007693767547607,
    0.45108044147491455,
    0.4185633957386017,
    0.38447701930999756,
    0.3693065941333771,
    0.36270827054977417,
    0.34821948409080505,
    0.345083624124527,
    0.34456488490104675,
    0.33764177560806274,
    0.334774374961853,
    0.32688409090042114,
    0.33382105827331543,
    0.3237978219985962,
    0.3244785964488983,
    0.3141128122806549,
    0.3131374418735504,
    0.3172391355037689,
    0.31248798966407776,
    0.31247469782829285,
    0.3125303387641907,
    0.30345335602760315,
    0.31119391322135925,
    0.3004486858844757,
    0.301157146692276,
    0.2963379919528961,
    0.3002965450286865,
    0.29681745171546936,
    0.29774606227874756,
    0.293121337890625,
    0.2937769591808319,
    0.2940601408481598,
    0.28899818658828735,
    0.28723210096359253,
    0.28482773900032043,
    0.2888841927051544,
    0.2912208139896393,
    0.29011082649230957,
    0.2832745313644409,
    0.2834540605545044,
    0.28790584206581116,
    0.2852861285209656,
    0.28412601351737976,
    0.2840067446231842,
    0.2818598747253418,
    0.2828373610973358,
    0.2790980041027069,
    0.2802918255329132,
    0.2789221405982971,
    0.27979397773742676,
    0.27990248799324036,
    0.2809614837169647,
    0.2781594693660736,
    0.2780686318874359,
    0.283029168844223,
    0.28536733984947205,
    0.28032514452934265,
    0.2792469263076782,
    0.2764439880847931,
    0.27443554997444153,
    0.27553361654281616,
    0.2766439914703369,
    0.2768860459327698,
    0.2753641903400421,
    0.27617329359054565,
    0.2756407558917999,
    0.27748510241508484,
    0.2743726372718811,
    0.2804397642612457,
    0.2799944281578064
  ],
  "learning_rate": [
    0.0010000000474974513,
    0.0010000000474974513,
    0.0010000000474974513,
    0.0010000000474974513,
    0.0010000000474974513,
    0.0010000000474974513,
    0.0010000000474974513,
    0.0010000000474974513,
    0.0010000000474974513,
    0.0010000000474974513,
    0.0010000000474974513,
    0.0010000000474974513,
    0.0010000000474974513,
    0.0010000000474974513,
    0.0010000000474974513,
    0.0010000000474974513,
    0.0010000000474974513,
    0.0010000000474974513,
    0.0010000000474974513,
    0.0010000000474974513,
    0.0010000000474974513,
    0.0010000000474974513,
    0.0010000000474974513,
    0.0010000000474974513,
    0.0010000000474974513,
    0.0010000000474974513,
    0.0010000000474974513,
    0.0010000000474974513,
    0.0010000000474974513,
    0.0010000000474974513,
    0.0010000000474974513,
    0.0010000000474974513,
    0.0010000000474974513,
    0.0010000000474974513,
    0.0010000000474974513,
    0.0010000000474974513,
    0.0010000000474974513,
    0.0010000000474974513,
    0.0010000000474974513,
    0.0010000000474974513,
    0.0010000000474974513,
    0.0010000000474974513,
    0.0010000000474974513,
    0.0010000000474974513,
    0.0010000000474974513,
    0.0005000000237487257,
    0.0005000000237487257,
    0.0005000000237487257,
    0.0005000000237487257,
    0.0005000000237487257,
    0.0005000000237487257,
    0.0005000000237487257,
    0.0005000000237487257,
    0.0005000000237487257,
    0.0005000000237487257,
    0.0005000000237487257,
    0.0005000000237487257,
    0.0005000000237487257,
    0.0005000000237487257,
    0.0002500000118743628,
    0.0002500000118743628,
    0.0002500000118743628,
    0.0002500000118743628,
    0.0002500000118743628,
    0.0002500000118743628,
    0.0002500000118743628,
    0.0001250000059371814,
    0.0001250000059371814,
    0.0001250000059371814,
    0.0001250000059371814,
    0.0001250000059371814
  ]
}