{
  "accuracy": [
    0.2360514998435974,
    0.5150214433670044,
    0.7510729432106018,
    0.8755365014076233,
    0.9570815563201904,
    0.9613733887672424,
    0.9871244430541992,
    0.995708167552948,
    0.991416335105896,
    0.991416335105896,
    0.991416335105896,
    0.995708167552948,
    1.0,
    1.0,
    0.991416335105896,
    1.0,
    0.995708167552948,
    1.0,
    1.0,
    1.0,
    1.0,
    0.9871244430541992,
    1.0,
    1.0,
    1.0,
    0.995708167552948,
    1.0,
    1.0,
    1.0,
    1.0,
    0.995708167552948,
    1.0,
    1.0,
    1.0,
    1.0,
    1.0,
    1.0,
    1.0,
    1.0,
    1.0,
    1.0,
    1.0,
    1.0,
    1.0,
    1.0,
    1.0,
    1.0,
    1.0,
    1.0,
    1.0,
    1.0
  ],
  "loss": [
    2.333498477935791,
    1.3810224533081055,
    0.6808608770370483,
    0.4314083755016327,
    0.26360660791397095,
    0.22331656515598297,
    0.12421873956918716,
    0.1000223234295845,
    0.0797446072101593,
    0.08577471226453781,
    0.06609030812978745,
    0.04972098395228386,
    0.04439677298069,
    0.04442987218499184,
    0.04498693719506264,
    0.028040003031492233,
    0.030676208436489105,
    0.022349689155817032,
    0.03398419916629791,
    0.014789391309022903,
    0.02110660821199417,
    0.025964800268411636,
    0.013731876388192177,
    0.011273020878434181,
    0.014044427312910557,
    0.01471348013728857,
    0.014541727490723133,
    0.01272964384406805,
    0.008876929059624672,
    0.0073611438274383545,
    0.020146211609244347,
    0.005878238007426262,
    0.006034206133335829,
    0.0072679766453802586,
    0.0066200424917042255,
    0.008065413683652878,
    0.009812450967729092,
    0.004156396724283695,
    0.006245728582143784,
    0.009016063995659351,
    0.002966624218970537,
    0.0020156288519501686,
    0.004205276258289814,
    0.006120623555034399,
    0.0025391546078026295,
    0.00949640478938818,
    0.0038407999090850353,
    0.0029415092431008816,
    0.002983447164297104,
    0.0038221098948270082,
    0.0031755855306982994
  ],
  "precision": [
    1.0,
    1.0,
    1.0,
    0.0,
    0.0,
    1.0,
    0.0,
    0.0,
    0.0,
    0.0,
    0.0,
    0.0,
    0.0,
    0.0,
    0.0,
    0.0,
    0.0,
    0.0,
    0.0,
    0.0,
    0.0,
    1.0,
    0.0,
    0.0,
    0.0,
    0.0,
    0.0,
    0.0,
    0.0,
    0.0,
    1.0,
    0.0,
    0.0,
    0.0,
    0.0,
    0.0,
    0.0,
    0.0,
    0.0,
    0.0,
    0.0,
    0.0,
    0.0,
    0.0,
    0.0,
    0.0,
    0.0,
    0.0,
    0.0,
    0.0,
    0.0
  ],
  "recall": [
    0.030042918398976326,
    0.02575107291340828,
    0.01287553645670414,
    0.0,
    0.0,
    0.004291845485568047,
    0.0,
    0.0,
    0.0,
    0.0,
    0.0,
    0.0,
    0.0,
    0.0,
    0.0,
    0.0,
    0.0,
    0.0,
    0.0,
    0.0,
    0.0,
    0.008583690971136093,
    0.0,
    0.0,
    0.0,
    0.0,
    0.0,
    0.0,
    0.0,
    0.0,
    0.004291845485568047,
    0.0,
    0.0,
    0.0,
    0.0,
    0.0,
    0.0,
    0.0,
    0.0,
    0.0,
    0.0,
    0.0,
    0.0,
    0.0,
    0.0,
    0.0,
    0.0,
    0.0,
    0.0,
    0.0,
    0.0
  ],
  "sparse_categorical_accuracy": [
    0.2360514998435974,
    0.5150214433670044,
    0.7510729432106018,
    0.8755365014076233,
    0.9570815563201904,
    0.9613733887672424,
    0.9871244430541992,
    0.995708167552948,
    0.991416335105896,
    0.991416335105896,
    0.991416335105896,
    0.995708167552948,
    1.0,
    1.0,
    0.991416335105896,
    1.0,
    0.995708167552948,
    1.0,
    1.0,
    1.0,
    1.0,
    0.9871244430541992,
    1.0,
    1.0,
    1.0,
    0.995708167552948,
    1.0,
    1.0,
    1.0,
    1.0,
    0.995708167552948,
    1.0,
    1.0,
    1.0,
    1.0,
    1.0,
    1.0,
    1.0,
    1.0,
    1.0,
    1.0,
    1.0,
    1.0,
    1.0,
    1.0,
    1.0,
    1.0,
    1.0,
    1.0,
    1.0,
    1.0
  ],
  "val_accuracy": [
    0.7777777910232544,
    1.0,
    1.0,
    1.0,
    1.0,
    1.0,
    1.0,
    1.0,
    1.0,
    1.0,
    1.0,
    1.0,
    1.0,
    1.0,
    1.0,
    1.0,
    1.0,
    1.0,
    1.0,
    1.0,
    1.0,
    1.0,
    1.0,
    1.0,
    1.0,
    1.0,
    1.0,
    1.0,
    1.0,
    1.0,
    1.0,
    1.0,
    1.0,
    1.0,
    1.0,
    1.0,
    1.0,
    1.0,
    1.0,
    1.0,
    1.0,
    1.0,
    1.0,
    1.0,
    1.0,
    1.0,
    1.0,
    1.0,
    1.0,
    1.0,
    1.0
  ],
  "val_loss": [
    0.3589394986629486,
    0.004845486953854561,
    0.0004159829986747354,
    0.000236396212130785,
    0.0002243574126623571,
    0.00020064658019691706,
    0.00019209180027246475,
    0.0001798975426936522,
    0.00019340838480275124,
    0.00019864494970533997,
    0.00021033958182670176,
    0.00023388935369439423,
    0.0002591651864349842,
    0.0002837426436599344,
    0.0002919195976573974,
    0.0003002180019393563,
    0.0003198404156137258,
    0.0003344688448123634,
    0.00033070065546780825,
    0.00032847930560819805,
    0.00031037864391691983,
    0.00023147632600739598,
    0.00021019537234678864,
    0.00020721943292301148,
    0.0002074459771392867,
    0.0002124341408489272,
    0.00021111193927936256,
    0.000215592619497329,
    0.0002184841869166121,
    0.00023041073291096836,
    0.00023371393035631627,
    0.00023721321485936642,
    0.00025337995612062514,
    0.00025746438768692315,
    0.00025101209757849574,
    0.00024372719053644687,
    0.00024180955369956791,
    0.00024410976038780063,
    0.0002479681861586869,
    0.0002500115951988846,
    0.0002520048583392054,
    0.00025562531664036214,
    0.0002547119802329689,
    0.00025887618539854884,
    0.00026887093554250896,
    0.0002691624977160245,
    0.0002622509200591594,
    0.0002625816559884697,
    0.0002580605505499989,
    0.00025614353944547474,
    0.00025642066611908376
  ],
  "val_precision": [
    0.0,
    0.0,
    0.0,
    0.0,
    0.0,
    0.0,
    0.0,
    0.0,
    0.0,
    0.0,
    0.0,
    0.0,
    0.0,
    0.0,
    0.0,
    0.0,
    0.0,
    0.0,
    0.0,
    0.0,
    0.0,
    0.0,
    0.0,
    0.0,
    0.0,
    0.0,
    0.0,
    0.0,
    0.0,
    0.0,
    0.0,
    0.0,
    0.0,
    0.0,
    0.0,
    0.0,
    0.0,
    0.0,
    0.0,
    0.0,
    0.0,
    0.0,
    0.0,
    0.0,
    0.0,
    0.0,
    0.0,
    0.0,
    0.0,
    0.0,
    0.0
  ],
  "val_recall": [
    0.0,
    0.0,
    0.0,
    0.0,
    0.0,
    0.0,
    0.0,
    0.0,
    0.0,
    0.0,
    0.0,
    0.0,
    0.0,
    0.0,
    0.0,
    0.0,
    0.0,
    0.0,
    0.0,
    0.0,
    0.0,
    0.0,
    0.0,
    0.0,
    0.0,
    0.0,
    0.0,
    0.0,
    0.0,
    0.0,
    0.0,
    0.0,
    0.0,
    0.0,
    0.0,
    0.0,
    0.0,
    0.0,
    0.0,
    0.0,
    0.0,
    0.0,
    0.0,
    0.0,
    0.0,
    0.0,
    0.0,
    0.0,
    0.0,
    0.0,
    0.0
  ],
  "val_sparse_categorical_accuracy": [
    0.7777777910232544,
    1.0,
    1.0,
    1.0,
    1.0,
    1.0,
    1.0,
    1.0,
    1.0,
    1.0,
    1.0,
    1.0,
    1.0,
    1.0,
    1.0,
    1.0,
    1.0,
    1.0,
    1.0,
    1.0,
    1.0,
    1.0,
    1.0,
    1.0,
    1.0,
    1.0,
    1.0,
    1.0,
    1.0,
    1.0,
    1.0,
    1.0,
    1.0,
    1.0,
    1.0,
    1.0,
    1.0,
    1.0,
    1.0,
    1.0,
    1.0,
    1.0,
    1.0,
    1.0,
    1.0,
    1.0,
    1.0,
    1.0,
    1.0,
    1.0,
    1.0
  ],